Title,Director,Cast,Country,"Subgenre/Notes
"
The 6th Day,Roger Spottiswoode,"['Arnold Schwarzenegger', 'Tony Goldwyn', 'Michael Rapaport']",United States,Action
Amazone,Philippe de Broca,"['Jean-Paul Belmondo', 'Arielle Dombasle', 'Patrick Bouchitey']",France,Adventure
Battlefield Earth,Roger Christian,"['John Travolta', 'Barry Pepper', 'Forest Whitaker']",United States,Action
The Cell,Tarsem Singh,"['Jennifer Lopez', 'Vince Vaughn', ""Vincent D'Onofrio""]",United States,Psychological thriller
Escaflowne,Kazuki Akane,[],Japan,Action 
Godzilla vs. Megaguirus,Masaaki Tezuka,"['Misako Tanaka', 'Shosuke Tanihara', 'Masato Ibu']",Japan,Monster movie
Happy Accidents,Brad Anderson,"['Marisa Tomei', ""Vincent D'Onofrio""]",United States,Romantic
Hollow Man,Paul Verhoeven,"['Kevin Bacon', 'Elisabeth Shue', 'Josh Brolin']",United States,Action thriller
I.K.U.,Shu Lea Cheang,['Aja'],Japan,Adult film
The Last Man,Harry Ralston,"['David Arnott', 'Jeri Ryan', 'Dan Montgomery']",United States,Post apocalyptic
Mission to Mars,Brian De Palma,"['Gary Sinise', 'Tim Robbins', 'Don Cheadle']",United States,Adventure drama
Pitch Black,David N. Twohy,"['Radha Mitchell', 'Vin Diesel', 'Cole Hauser']",United States,Thriller
Possible Worlds,Robert Lepage,"['Tilda Swinton', 'Tom McCamus', 'Sean McCann']",Canada,Crime
Red Planet,Antony Hoffman,"['Val Kilmer', 'Carrie-Anne Moss', 'Benjamin Bratt', 'Tom Sizemore']",United States,Action thriller
Space Cowboys,Clint Eastwood,"['Clint Eastwood', 'Tommy Lee Jones', 'Donald Sutherland', 'James Garner']",United States,Action adventure
Supernova,Thomas Lee,"['James Spader', 'Angela Bassett', 'Robert Forster', 'Lou Diamond Phillips']",United States,Horror
Titan A.E.,Don Bluth,"['Matt Damon', ' (voice), ', 'Bill Pullman', ' (voice), ', 'John Leguizamo', ' (voice), ', 'Nathan Lane', ' (voice), ', 'Drew Barrymore', ' (voice)']",United States,Animated adventure
Unbreakable,M. Night Shyamalan,"['Bruce Willis', 'Samuel L. Jackson']",United States,Superhero
What Planet Are You From?,Mike Nichols,"['Garry Shandling', 'Annette Bening', 'Greg Kinnear']",United States,Comedy
X-Men,Bryan Singer,"['Hugh Jackman', 'Patrick Stewart', 'Ian McKellen', 'Halle Berry', 'Anna Paquin']",United States,Action
A.I. Artificial Intelligence,Steven Spielberg,"['Haley Joel Osment', 'Jude Law', ""Frances O'Connor""]",United States,[18]
Atlantis: The Lost Empire,Gary Trousdale,"['Michael J. Fox', ' (voice), ', 'James Garner', ' (voice), ', 'Leonard Nimoy', ' (voice)']",United States,[19]
Avalon,Mamoru Oshii,"['Malgorzata Foremniak', 'Wladyslaw Kowalski', 'Jerzy Gudejko']",Japan,[20]
The American Astronaut,Cory McAbee,"['Rocco Sisto', 'Annie Golden']",United States,[21]
Donnie Darko,Richard Kelly,"['Jake Gyllenhaal', 'Jena Malone', 'Drew Barrymore']",United States,Psychological thriller
Electric Dragon 80.000 V,Sogo Ishii,['Masatoshi Nagase'],Japan,[22]
Evolution,Ivan Reitman,"['David Duchovny', 'Orlando Jones', 'Seann William Scott']",United States,[23]
Final,Campbell Scott,"['Denis Leary', 'Hope Davis', 'Maureen Anderman']",United States,[24]
Final Fantasy: The Spirits Within,Hironobu Sakaguchi,[],United States,[25]
Ghosts of Mars,John Carpenter,"['Ice Cube', 'Natasha Henstridge', 'Jason Statham']",United States,[26]
"Godzilla, Mothra and King Ghidorah: Giant Monsters All-Out Attack",Shusuke Kaneko,[],Japan,[27]
Jimmy Neutron: Boy Genius,John A. Davis,[],United States,Animation
Jurassic Park III,Joe Johnston,"['Sam Neill', 'William H. Macy', 'Téa Leoni']",United States,[28]
K-PAX,Iain Softley,"['Kevin Spacey', 'Jeff Bridges', 'Mary McCormack']",United States,[29]
The Lost Skeleton of Cadavra,Larry Blamire,"['Larry Blamire', 'Fay Masterson', 'Brian Howe']",United States,[30]
Metropolis,Rintaro,[],Japan,[31]
Mind Storm,Richard Pepin,"['Antonio Sabato, Jr.', 'Emmanuelle Vaugier', 'Eric Roberts']",United States,[32]
Nabi,Moon Seung-wook,"['Kim Ho-jung', 'Kang Hye-jung', 'Jang Hyun-sung']",South Korea,[nb 4]
The One,James Wong,"['Jet Li', 'Carla Gugino', 'Delroy Lindo']",United States,[34]
Planet of the Apes,Tim Burton,"['Mark Wahlberg', 'Tim Roth', 'Helena Bonham Carter']",United States,[nb 5]
The Princess Blade,Shinsuke Sato,"['Hideaki Ito', 'Yumiko Shaku', 'Shiro Sano']",Japan,[36]
Replicant,Ringo Lam,"['Jean-Claude Van Damme', 'Michael Rooker']",United States,[37]
Vanilla Sky,Cameron Crowe,"['Tom Cruise', 'Penélope Cruz', 'Cameron Diaz']",United States,[38]
28 Days Later,Danny Boyle,"['Cillian Murphy', 'Naomie Harris', 'Brendan Gleeson']",United Kingdom,[39]
2009 Lost Memories,Lee Si-myung,"['Jang Dong-gun', 'Toru Nakamura']",South Korea,Action thriller
The Adventures of Pluto Nash,Ron Underwood,"['Eddie Murphy', 'Randy Quaid', 'Rosario Dawson']",United States,Comedy
Clockstoppers,Jonathan Frakes,"['Jesse Bradford', 'French Stewart']",United States,[41]
Cowboy Bebop: The Movie,Shinichiro Watanabe,[],Japan,[42]
Cube 2: Hypercube,Andrzej Sekuła,"['Kari Matchett', 'Geraint Wyn Davies', 'Grace Lynn Kung']",Canada,[43]
Cypher,Vincenzo Natali,"['Jeremy Northam', 'Lucy Liu']",United States,[44]
Dead or Alive: Final,Takashi Miike,"['Show Aikawa', 'Riki Takeuchi']",Japan,[45]
Eight Legged Freaks,Ellory Elkayem,"['David Arquette', 'Kari Wührer', 'Scott Terra']",United States,[46]
Equilibrium,Kurt Wimmer,"['Christian Bale', 'Emily Watson', 'Taye Diggs']",United States,[47]
Godzilla Against Mechagodzilla,Masaaki Tezuka,"['Yumiko Shaku', 'Kana Onodera', 'Shin Takuma']",Japan,[48]
Happy Here and Now,Michael Almereyda,"['Karl Geary', 'Shalom Harlow', 'Clarence Williams III']",United States,[49]
Impostor,Gary Fleder,"['Gary Sinise', 'Madeleine Stowe', ""Vincent D'Onofrio""]",United States,Action thriller
Jason X,James Isaac,"['Kane Hodder', 'Lexa Doig', 'Lisa Ryder', 'Chuck Campbell']",Canada,[50]
Men in Black II,Barry Sonnenfeld,"['Tommy Lee Jones', 'Will Smith', 'Lara Flynn Boyle', 'Rosario Dawson']",United States,[51]
Minority Report,Steven Spielberg,"['Tom Cruise', 'Colin Farrell', 'Samantha Morton']",United States,[nb 6]
Project Viper,Jay Andrews,"['Theresa Russell', 'Patrick Muldoon', 'Tim Thomerson']",United States,[53]
Reign of Fire,Rob Bowman,"['Christian Bale', 'Matthew McConaughey', 'Izabella Scorupco']",United States,Action
Resident Evil,Paul W. S. Anderson,"['Milla Jovovich', 'Oscar Pearce', 'Indra Ové']",United States,Horror
Returner,Takashi Yamazaki,"['Takeshi Kaneshiro', 'Anne Suzuki', 'Kirin Kiki']",Japan,[56]
Rollerball,John McTiernan,"['Chris Klein', 'Jean Reno', 'LL Cool J']",United States,[57]
Simone,Andrew Niccol,"['Al Pacino', 'Catherine Keener', 'Pruitt Taylor Vince']",United States,Comedy
Science Fiction,Danny Deprez,"['Wendy Van Dijk', 'Koen De Bouw', 'Liesbeth Kamerling']",Netherlands,[58]
Scorcher,James Seale,"['Mark Dacascos', 'John Rhys-Davies', 'Tamara Davies', 'Mark Rolston', 'Rutger Hauer']",United States,Action adventure
Signs,M. Night Shyamalan,"['Mel Gibson', 'Joaquin Phoenix', 'Cherry Jones']",United States,[59]
So Close,Corey Yuen,"['Shu Qi', 'Zhao Wei', 'Karen Mok']",United Kingdom,Action
Solaris,Steven Soderbergh,"['George Clooney', 'Natascha McElhone', 'Jeremy Davies']",United States,[61]
Spider-Man,Sam Raimi,"['Tobey Maguire', 'Willem Dafoe', 'Kirsten Dunst']",United States,Fantasy
Star Trek: Nemesis,Stuart Baird,"['Patrick Stewart', 'Jonathan Frakes', 'Brent Spiner', 'LeVar Burton', 'Tom Hardy']",United States,[62]
Star Wars: Episode II – Attack of the Clones,George Lucas,"['Ewan McGregor', 'Hayden Christensen', 'Natalie Portman', 'Ian McDiarmid', 'Frank Oz']",United States,[nb 8]
Tamala 2010: A Punk Cat In Space,t. o. L.,[],Japan,[64]
Teknolust,Lynn Hershman Leeson,"['Tilda Swinton', 'Jeremy Davies', 'James Urbaniak']",United States,[65]
Treasure Planet,Ron Clements,"['Joseph Gordon-Levitt', ' (voice), ', 'Emma Thompson', ' (voice), ', 'Brian Murray', ' (voice)']",United States,[66]
The Time Machine,Simon Wells,"['Guy Pearce', 'Samantha Mumba', 'Mark Addy', 'Orlando Jones', 'Jeremy Irons']",United States,Time travel
Timequest,Robert Dyke,"['Caprice Benedetti', 'Bruce Campbell', 'Vince Grant', 'Victor Slezak']",United States,[67]
Trancers 6,Jay Woelfel,"['Zette Sullivan', 'Timothy Prindle']",United States,
2009: Lost Memories,Lee Si-Myung,"['Toru Nakamura', 'Jang Dong-gun', 'Ken Mitsuishi']",South Korea,Action thriller
Absolon,David Barto,"['Christopher Lambert', 'Kelly Brook', 'Lou Diamond Phillips', 'Ron Perlman']",United Kingdom,Action thriller
Alien Hunter,Ron Krauss,"['James Spader', 'Leslie Stefanson', 'Carl Lewis']",United States,Action thriller
The Big Empty,Steve Anderson,"['Jon Favreau', 'Joey Lauren Adams', 'Kelsey Grammer']",United States,Mystery comedy
Code 46,Michael Winterbottom,"['Tim Robbins', 'Samantha Morton', 'Jeanne Balibar']",United Kingdom,Romance
The Core,Jon Amiel,"['Aaron Eckhart', 'Hilary Swank', 'Delroy Lindo']",United States,Disaster film
Dragon Head,Jôji Iida,"['Satoshi Tsumabuki', 'Sayaka Kanda', 'Takayuki Yamada']",Japan,Mystery drama
Dreamcatcher,Lawrence Kasdan,"['Morgan Freeman', 'Thomas Jane', 'Jason Lee']",United States,Horror drama
Godzilla: Tokyo SOS,Masaaki Tezuka,"['Noboru Kaneko', 'Miho Yoshioka', 'Katsuya Onizuka']",Japan,Giant Monster Film
Good Boy!,John Hoffman,"['Molly Shannon', 'Liam Aiken', 'Kevin Nealon']",United States,Family comedy drama
Hulk,Ang Lee,"['Eric Bana', 'Jennifer Connelly', 'Sam Elliott']",United States,Superhero
Interstella 5555: The 5tory of the 5ecret 5tar 5ystem,Kazuhisa Takenouchi,[],France,Anime
It's All About Love,Thomas Vinterberg,"['Joaquin Phoenix', 'Claire Danes', 'Sean Penn']",United States,Apocalyptic
Koi... Mil Gaya,Rakesh Roshan,"['Hrithik Roshan', 'Preity Zinta', 'Rekha']",India,Hindi film
The Matrix Reloaded,Andy Wachowski,"['Keanu Reeves', 'Carrie-Anne Moss', 'Laurence Fishburne']",United States,Action adventure
The Matrix Revolutions,Andy Wachowski,"['Keanu Reeves', 'Carrie-Anne Moss', 'Laurence Fishburne']",United States,Action adventure
Mimic 3: Sentinel,J. T. Petty,"['Karl Geary', 'Alexis Dziena', 'Rebecca Mader', 'Lance Henriksen']",United States,Horror
Moon Child,Takahisa Zeze,"['Gackt Camui', 'Hyde Takarai', 'Leehom Wang']",Japan,Action drama
Natural City,Min Byeong-cheon,"['Yoo Ji-tae', 'Yoon Chan', 'Seo Rin']",South Korea,Action drama
Paycheck,John Woo,"['Ben Affleck', 'Aaron Eckhart', 'Uma Thurman']",United States,[nb 9]
Robot Stories,Greg Pak,"['Tamlyn Tomita', 'James Saito', 'Wai Ching Ho']",United States,Indie drama
Save the Green Planet!,Jang Joon-hwan,"['Shin Ha-kyun', 'Baek Yoon-sik']",South Korea,Comedy horror thriller
Terminator 3: Rise of the Machines,Jonathan Mostow,"['Arnold Schwarzenegger', 'Nick Stahl', 'Claire Danes', 'Kristanna Loken']",United States,Action
Timeline,Richard Donner,"['Paul Walker', ""Frances O'Connor"", 'Gerard Butler']",United States,Fantasy
Undead,Michael Spierig,"['Felicity Mason', 'Mungo McKay', 'Rob Jenkins']",Australia,Zombie horror comedy
Wonderful Days,Sunmin Park,[],South Korea,Animation
WXIII: Patlabor the Movie 3,,[],Japan,Anime
X2,Bryan Singer,"['Patrick Stewart', 'Hugh Jackman', 'Ian McKellen', 'Halle Berry', 'Anna Paquin']",United States,[nb 10]
2046,Wong Kar-wai,"['Tony Leung Chiu-Wai', 'Gong Li', 'Takuya Kimura']",China,Romantic drama
After the Apocalypse,Yasuaki Nakajima,[],Japan,[68]
Alien vs. Predator,Paul W. S. Anderson,"['Sanaa Lathan', 'Raoul Bova', 'Lance Henriksen']",United States,Action thriller
Appleseed,Shinji Aramaki,[],Japan,Anime
The Butterfly Effect,Eric Bress,"['Ashton Kutcher', 'Amy Smart']",United States,Psychological thriller
Casshern,Kiriya Kazuaki,"['Yusuke Iseya', 'Kumiko Asō', 'Toshiaki Karasawa']",Japan,Action
The Chronicles of Riddick,David N. Twohy,"['Vin Diesel', 'Colm Feore', 'Thandie Newton']",United States,Action adventure
Cube Zero,Ernie Barbarash,"['Zachary Bennett', 'Michael Riley']",Canada,Horror
The Day After Tomorrow,Roland Emmerich,"['Dennis Quaid', 'Jake Gyllenhaal', 'Ian Holm']",United States,Disaster film
Dead Leaves,Hiroyuki Imaishi,[],Japan,Anime
Decoys,Matthew Hastings,"['Meghan Ory', 'Kim Poirier', 'Enis Esmer']",Canada,Horror
District 13,Pierre Morel,"['David Belle', 'Cyril Raffaelli', 'Dany Verissimo']",France,Action
Eternal Sunshine of the Spotless Mind,Michel Gondry,"['Jim Carrey', 'Kate Winslet']",United States,Romantic comedy
FAQ: Frequently Asked Questions,Carlos Atanes,"['Xavier Tort', 'Anne Celine Auche']",Spain,Dystopia
The Final Cut,Omar Naim,"['Robin Williams', 'Mira Sorvino', 'James Caviezel']",United States,Thriller
The Forgotten,Joseph Ruben,"['Julianne Moore', 'Dominic West', 'Gary Sinise']",United States,Psychological thriller
Godsend,Nick Hamm,"['Greg Kinnear', 'Rebecca Romijn', 'Cameron Bright', 'Robert De Niro']",United States,Horror
Godzilla: Final Wars,Ryuhei Kitamura,"['Masahiro Matsuoka', 'Rei Kikukawa']",Japan,Kaiju
G.O.R.A.,Ömer Faruk Sorak,"['Cem Yılmaz', 'Özge Özberk', 'Şafak Sezer']",Turkey,Comedy
"I, Robot",Alex Proyas,"['Will Smith', 'Bridget Moynahan', 'Alan Tudyk']",United States,Action mystery
Immortel (ad vitam),Enki Bilal,"['Charlotte Rampling', 'Thomas Kretschmann', 'Linda Hardy']",Italy,Crime
Innocence: Ghost in the Shell,Mamoru Oshii,[],Japan,Anime
Night Watch,Timur Bekmambetov,"['Konstantin Khabensky', 'Vladimir Menshov', 'Valery Zolotukhin']",Russia,Horror
Paranoia 1.0,Jeff Renfroe,"['Jeremy Sisto', 'Deborah Kara Unger', 'Bruce Payne']",United States,Cyberpunk
Phil the Alien,Rob Stefaniuk,"['Rob Stefaniuk', 'Nicole de Boer', 'Graham Greene']",Canada,Comedy
The Place Promised in Our Early Days,Makoto Shinkai,[],Japan,Anime
Post Impact,Christoph Schrewe,"['Dean Cain', 'Bettina Zimmermann', 'Adrienne McQueen']",Germany,Post-Impact
Primer,Shane Carruth,"['Shane Carruth', 'David Sullivan']",United States,Drama 
Resident Evil: Apocalypse,Alexander Witt,"['Milla Jovovich', 'Sienna Guillory', 'Oded Fehr']",United States,Horror
Six: The Mark Unleashed,Kevin Downes,"['Stephen Baldwin', 'Eric Roberts']",United States,Action drama
Sky Captain and the World of Tomorrow,Kerry Conran,"['Gwyneth Paltrow', 'Jude Law', 'Angelina Jolie']",United States,Pulp adventure
Spider-Man 2,Sam Raimi,"['Tobey Maguire', 'Kirsten Dunst', 'James Franco']",United States,Superhero
The Stepford Wives,Frank Oz,"['Nicole Kidman', 'Matthew Broderick', 'Bette Midler']",United States,Black comedy
Thunderbirds,Jonathan Frakes,"['Bill Paxton', 'Anthony Edwards', 'Sophia Myles']",United States,Adventure
Æon Flux,Karyn Kusama,"['Charlize Theron', 'Marton Csokas', 'Jonny Lee Miller']",United States,Action thriller
Allegro,Christoffer Boe,"['Ulrich Thomsen', 'Helena Christensen', 'Henning Moritzen']",Denmark,Romantic drama
Alien Abduction,Eric Forsberg,"['Megan Lee Ethridge', 'Griff Furst', 'Marissa Morse']",United States,[69]
The Cave,Bruce Hunt,"['Cole Hauser', 'Morris Chestnut', 'Eddie Cibrian']",United States,Horror
Chicken Little,Mark Dindal,[],United States,Animated family comedy
The Dark Hours,Paul Fox,"['Kate Greenhouse', 'Aidan Devine', 'Gordon Currie']",Canada,Psychological thriller
Doom,Andrzej Bartkowiak,"['Karl Urban', 'Rosamund Pike', 'Razaaq Adoti']",Czech Republic,Horror
Evil Aliens,Jake West,"['Emily Booth', 'Christopher Adamson', 'Norman Lovett']",United Kingdom,Horror comedy
Fantastic Four,Tim Story,"['Ioan Gruffudd', 'Jessica Alba', 'Chris Evans', 'Michael Chiklis']",United States,Superhero
Final Fantasy VII Advent Children,Tetsuya Nomura,[],Japan,Animation
The Girl from Monday,Hal Hartley,"['Bill Sage', 'Sabrina Lloyd', 'Tatiana Abracos']",United States,Comedy
Headspace,Andrew van den Houten,"['Olivia Hussey', 'William Atherton', 'Sean Young']",United States,Horror mystery
H.G. Wells' The War of the Worlds,Timothy Hines,[],United States,Action drama
The Hitchhiker's Guide to the Galaxy,Garth Jennings,"['Martin Freeman', 'Mos Def', 'Sam Rockwell']",United States,Comedy
The Island,Michael Bay,"['Ewan McGregor', 'Scarlett Johansson', 'Sean Bean']",United States,Thriller
The Jacket,John Maybury,"['Adrien Brody', 'Keira Knightley', 'Kris Kristofferson', 'Jennifer Jason Leigh']",United States,Psychological thriller
Man with the Screaming Brain,Bruce Campbell,"['Bruce Campbell', 'Ted Raimi']",United States,Slapstick
Meatball Machine,Yūdai Yamaguchi,"['Issei Takahashi', 'Aoba Kawai']",Japan,[70]
Planetfall,Michael J. Heagle,"['Leitha Matz', 'Heidi Fellner', 'Alan Struthers', 'Charles Hubbell', 'Snype Myers']",United States,[71]
Puzzlehead,James Bai,"['Stephen Galaida', 'Robbie Shapiro']",United States,Drama
Robots,Chris Wedge,[],United States,Animation
Serenity,Joss Whedon,"['Nathan Fillion', 'Gina Torres', 'Alan Tudyk']",United States,[nb 13]
Slipstream,David Van Eyssen,"['Vinnie Jones', 'Sean Astin']",United States,Time travel
A Sound of Thunder,Peter Hyams,"['Edward Burns', 'Catherine McCormack', 'Ben Kingsley']",United States,Time travel adventure
Star Wars: Episode III – Revenge of the Sith,George Lucas,"['Ewan McGregor', 'Hayden Christensen', 'Natalie Portman', 'Ian McDiarmid', 'Frank Oz']",United States,[nb 14]
Stealth,Rob Cohen,"['Josh Lucas', 'Jessica Biel', 'Jamie Foxx', 'Sam Shepard']",United States,Action
Steamboy,Katsuhiro Otomo,[],Japan,Anime
War of the Worlds,Steven Spielberg,"['Tom Cruise', 'Dakota Fanning']",United States,Alien invasion
The Wild Blue Yonder,Werner Herzog,['Brad Dourif'],Denmark,Documentary mashup
Zathura: A Space Adventure,Jon Favreau,"['Jonah Bobo', 'Josh Hutcherson', 'Dax Shepard']",United States,Fantasy adventure
A Scanner Darkly,Richard Linklater,"['Keanu Reeves', ' (voice), ', 'Robert Downey Jr.', ' (voice), ', 'Woody Harrelson', ' (voice)']",United States,Animation crime-drama
Aachi & Ssipak,Joe Bum-Jim,[],South Korea,Animation
AINOA,Marco Kalantari,"['Simon Licht', 'Verena Buratti', 'Gabriela Benesch']",Austria,Action Adventure
Alien Autopsy,Jonny Campbell,"['Ant McPartlin', 'Declan Donnelly', 'Bill Pullman']",Germany,Comedy
Altered,Eduardo Sanchez,"['Paul McCarthy Boyington', 'James Gammon', 'Brad William Henke']",United States,Horror
Aziris Nuna,Oleg Kompasov,['Aleksandr Filippenko'],Russia,[73]
Children of Men,Alfonso Cuarón,"['Clive Owen', 'Julianne Moore', 'Michael Caine']",United States,[nb 15]
The Cloud,Gregor Schnitzler,"['Paula Kalenberg', 'Franz Dinda', 'Hans-Laurin Beyerling']",Germany,German title: 
Daft Punk's Electroma,Daft Punk,"['Peter Hurteau', 'Michael Reich']",United States,Drama
The Dark Hour,Elio Quiroga,"['Silke Hornillos Klein', 'Omar Muñoz', 'Pepo Oliva']",Spain,Horror mystery
Day Watch,Timur Bekmambetov,"['Konstantin Khabensky', 'Maria Poroshina', 'Vladimir Menshov']",Russia,Action fantasy
Dead and Deader,Patrick Dinhut,"['Dean Cain', 'Guy Torry', 'Susan Ward']",United States,Television film
Déjà Vu,Tony Scott,"['Denzel Washington', 'Paula Patton', 'Val Kilmer']",United States,Action crime-thriller
Displaced,Martin Holland,"['Mark Strange', 'Malcolm Hankey', 'Stephanie Fend']",United Kingdom,Action adventure
Evil Behind You,Jim Carroll,"['Hilary Kennedy', 'Manuel Velazquez', 'Gwendolynn Murphy']",United States,Horror
The Fountain,Darren Aronofsky,"['Hugh Jackman', 'Rachel Weisz']",United States,Romantic drama
Gamera the Brave,Ryuta Tasaki,"['Ryo Tomioka', 'Kanji Tsuda', 'Kaho']",Japan,Kaiju
The Girl Who Leapt Through Time,Mamoru Hosoda,"['Riisa Naka', ' (voice), ', 'Takuya Ishida', ' (voice), ', 'Mitsutaka Itakura', ' (voice)']",Japan,Anime
Horrors of War,"Peter John Ross, John Whitney","['Jon Osbeck, Joe Lorenzo, Daniel Alan Kiely']",United States,Science fiction horror
The Host,Bong Joon-ho,"['Song Kang-ho', 'Byun Hee-bong', 'Park Hae-il']",South Korea,Monster
Idiocracy,Mike Judge,"['Luke Wilson', 'Maya Rudolph', 'Dax Shepard']",United States,Satirical comedy
Japan Sinks,Shinji Higuchi,"['Tsuyoshi Kusanagi', 'Kou Shibasaki', 'Etsushi Toyokawa']",Japan,Japanese title: Nihon Chinbotsu. Adventure drama
The Kovak Box,Daniel Monzón,"['Timothy Hutton', 'Lucía Jiménez', 'Annette Badland']",Spain,Mystery thriller
Krrish,Rakesh Roshan,"['Hrithik Roshan', 'Priyanka Chopra', 'Naseeruddin Shah', 'Rekha']",India,Hindi superhero film
Lifted,Gary Rydstrom,[],United States,Animation
Paprika,Satoshi Kon,[],Japan,Anime
The Ugly Swans,Konstantin Lopushansky,"['Catherine Dussart', 'Gregory Hlady']",Russia,triller
Renaissance,Christian Volckman,[],Luxembourg,Animation
Southland Tales,Richard Kelly,"['Dwayne Johnson', 'Justin Timberlake', 'Sarah Michelle Gellar', 'Mandy Moore']",United States,Dark comedy drama
Slither,James Gunn,"['Nathan Fillion', 'Elizabeth Banks', 'Gregg Henry']",United States,[nb 16]
S.S. Doomtrooper,David Flores,"['Corin Nemec', 'Ben Cross', ', James Pomitcher']",United States,Television film
Superman Returns,Bryan Singer,"['Brandon Routh', 'Kate Bosworth', 'James Marsden', 'Kevin Spacey', 'Parker Posey']",United States,Superhero
Ultimate Avengers - The Movie,"Curt Geda, ","['Justin Gross', 'Grey Griffin', 'Michael Massee']",United States,Animated film
Ultraviolet,Kurt Wimmer,"['Milla Jovovich', 'Cameron Bright']",United States,Action
Unidentified,Rich Christiano,"['Jonathan Aube', 'Josh Adamson', 'Rebecca St. James']",United States,Supernatural
V for Vendetta,James McTeigue,"['Natalie Portman', 'Hugo Weaving']",United States,[nb 17]
Wrestlemaniac,Jesse Baget,"['Rey Misterio, Sr.', 'Irwin Keyes', 'Leyla Milani']",United States,Horror
X-Men: The Last Stand,Brett Ratner,"['Hugh Jackman', 'Halle Berry', 'Ian McKellen', 'Anna Paquin', 'Patrick Stewart']",United States,[nb 18]
Zerophilia,Martin Curland,"['Taylor Handley', 'Dustin Seavey']",United States,Romantic comedy
Aliens vs. Predator: Requiem,Greg Strause,"['Reiko Aylesworth', 'Steven Pasquale', 'Shareeka Epps']",United States,Action horror
Appleseed Ex Machina,Shinji Aramaki,[],Japan,Anime
28 Weeks Later,Juan Carlos Fresnadillo,"['Robert Carlyle', 'Rose Byrne', 'Jeremy Renner']",Spain,Post-apocalyptic horror
Big Man Japan,Hitoshi Matsumoto,"['Hitoshi Matsumoto', 'Riki Takeuchi']",Japan,Comedy
Chrysalis,Julien Leclercq,"['Albert Dupontel', 'Estelle Lefébure', 'Marie Guillard']",France,Crime drama
Eden Log,Franck Vestiel,"['Clovis Cornillac', 'Vimala Pons']",France,Horror mystery
Fantastic Four: Rise of the Silver Surfer,Tim Story,"['Ioan Gruffudd', 'Jessica Alba', 'Chris Evans', 'Michael Chiklis']",United States,Action adventure
Flatland The Film,Ladd Ehlinger Jr.,[],United States,Animation
I Am Legend,Francis Lawrence,"['Will Smith', 'Alice Braga', 'Salli Richardson-Whitfield']",United States,[nb 19]
Illegal Aliens,David Giancola,"['Joanie ""Chyna"" Laurer', 'Anna Nicole Smith', 'Dennis Lemoine']",United States,Comedy
The Invasion,Oliver Hirschbiegel,"['Nicole Kidman', 'Daniel Craig', 'Jeremy Northam']",United States,Thriller
The Last Mimzy,Bob Shaye,"[""Chris O'Neil, "", 'Rhiannon Leigh Wryn', 'Timothy Hutton']",United States,Family adventure
Meet the Robinsons,Stephen Anderson,[],United States,Animation
The Mist,Frank Darabont,"['Thomas Jane', 'Marcia Gay Harden']",United States,Horror
Next,Lee Tamahori,"['Nicolas Cage', 'Julianne Moore', 'Jessica Biel']",United States,Action thriller
"Paragraf 78, Punkt 1",Mikhail Khleborodov,[],Russia,[80]
Resident Evil: Extinction,Russell Mulcahy,"['Milla Jovovich', 'Oded Fehr', 'Ali Larter']",United States,Action horror
Sex and Death 101,Daniel Waters,"['Simon Baker', 'Winona Ryder', 'Leslie Bibb', 'Patton Oswalt']",United States,Dark Comedy
Spider-Man 3,Sam Raimi,"['Tobey Maguire', 'Kirsten Dunst', 'James Franco']",United States,[81]
Sunshine,Danny Boyle,"['Cillian Murphy', 'Chris Evans', 'Rose Byrne']",United States,Thriller
Superman: Doomsday,Bruce Timm,"['Adam Baldwin', 'Anne Heche', 'James Marsters']",United States,Animated superhero film
Timecrimes,Nacho Vigalondo,"['Karra Elejalde', 'Barbara Goenaga', 'Nacho Vigalondo']",Spain,Time-travel mystery
TMNT,Kevin Munroe,"['Chris Evans', ' (voice), ', 'Sarah Michelle Gellar', ' (voice), ', 'Patrick Stewart', ' (voice), ', 'Mako', ' (voice)']",United States,Animation
Tokyo Gore Police,Yoshihiro Nishimura,"['Eihi Shiina', 'Itsuji Itao', ', Yukihide Benny']",Japan,[83]
Transformers,Michael Bay,"['Shia LaBeouf', 'Megan Fox', 'Josh Duhamel', 'Tyrese Gibson']",United States,Action thriller
The Man from Earth,,['John Billingsley'],United States,Drama
Underdog,Frederik Du Chau,"['Jason Lee', ' (voice), ', 'Peter Dinklage', ' (voice), ', 'James Belushi', ' (voice)']",United States,Animation
Vexille,Fumihiko Sori,[],Japan,Anime
20th Century Boys,Yukihiko Tsutsumi,"['Toshiaki Karasawa', 'Etsushi Toyokawa', 'Takako Tokiwa']",Japan,
Alien Raiders,Ben Rock,"['Carlos Bernard', 'Mathew St. Patrick', 'Courtney Ford', 'Rockmond Dunbar']",United States,Horror
Babylon A.D.,Mathieu Kassovitz,"['Vin Diesel', 'Michelle Yeoh']",France,Action adventure
Blindness,Fernando Meirelles,"['Julianne Moore', 'Mark Ruffalo', 'Danny Glover']",United States,[
City of Ember,Gil Kenan,"['Saoirse Ronan', 'Harry Treadaway', 'Bill Murray', 'Mackenzie Crook']",United States,Fantasy adventure
CJ7,Stephen Chow,"['Stephen Chow', 'Kitty Zhang Yuqi']",Hong Kong,Comedy
The Clone Returns Home,Kanji Nakajima,"['Mitsuhiro Oikawa', 'Eri Ishida', 'Hiromi Nagasaku', 'Kyûsaku Shimada']",Japan,
Cloverfield,Matt Reeves,"['Michael Stahl-David', 'Mike Vogel', 'Odette Yustman']",United States,Monster movie
Cyborg Soldier,John Stead,"['Rich Franklin', 'Tiffani Thiessen', 'Bruce Greenwood']",United States,
Dante 01,Marc Caro,"['Lambert Wilson', 'Dominique Pinon']",France,Thriller
Dasavathaaram,K.S.Ravikumar,"['Kamal Hassan', 'Asin Thottumkal']",India,Action disaster
The Day the Earth Stood Still,Scott Derrickson,"['Keanu Reeves', 'Jennifer Connelly', 'Kathy Bates']",United States,Drama thriller
Death Race,Paul W. S. Anderson,"['Jason Statham', 'Joan Allen', 'Ian McShane']",United States,Action
Doomsday,Neil Marshall,"['Rhona Mitra', 'Bob Hoskins', 'Malcolm McDowell']",United Kingdom,Action thriller
Far Cry,Uwe Boll,"['Til Schweiger', 'Emmanuelle Vaugier', 'Craig Fairbrass']",Canada,Action adventure
Franklyn,Gerald McMorrow,"['Ryan Phillippe', 'Eva Green', 'Sam Riley']",United Kingdom,Fantasy drama
The Happening,M. Night Shyamalan,"['Mark Wahlberg', 'Zooey Deschanel', 'John Leguizamo']",United States,Thriller
The Inhabited Island,Fyodor Bondarchuk,"['Sergei Barkovsky', 'Fyodor Bondarchuk', 'Pyotr Fyodorov']",Russia,Action adventure
The Incredible Hulk,Louis Leterrier,"['Edward Norton', 'Liv Tyler', 'Tim Roth', 'William Hurt']",United States,Superhero
Iron Man,Jon Favreau,"['Robert Downey Jr.', 'Terrence Howard', 'Gwyneth Paltrow', 'Jeff Bridges']",United States,Superhero
Jumper,Doug Liman,"['Hayden Christensen', 'Samuel L. Jackson', 'Rachel Bilson']",United States,Action adventure
Justice League: The New Frontier,Dave Bullock,"['David Boreanaz', 'Miguel Ferrer', 'Neal Patrick Harris']",United States,Animated superhero film
Love Story 2050,Harry Baweja,"['Priyanka Chopra', 'Harman Baweja']",India,Action drama
Meet Dave,Brian Robbins,"['Eddie Murphy', 'Gabrielle Union', 'Ed Helms']",United States,Family comedy
The Mutant Chronicles,Simon Hunter,"['Thomas Jane', 'Ron Perlman', 'Devon Aoki']",United States,Action horror
Outlander,Howard McCain,"['James Caviezel', 'Jack Huston', 'Sophia Myles']",United States,Action adventure
Próxima,Carlos Atanes,"['Oriol Aubets', 'Anthony Blake', 'Arantxa Peña']",Spain,Underground
Repo! The Genetic Opera,Darren Lynn Bousman,"['Alexa Vega', 'Anthony Stewart Head', 'Paris Hilton']",United States,Musical film
Sleep Dealer,Alex Rivera,"['Luis Fernando Peña', 'Leonor Varela', 'Jacob Vargas']",Mexico,Cyberpunk
Star Wars: The Clone Wars,Dave Filoni,"['Matt Lanter', ' (voice), ', 'James Arnold Taylor', ' (voice), ', 'Ashley Eckstein', ' (voice)']",United States,Animation
Tokyo Gore Police,Yoshihiro Nishimura,"['Eihi Shiina', 'Itsuji Itao', 'Yukihide Benny']",United States,Gore
WALL-E,Andrew Stanton,"['Ben Burtt', ' (voice), ', 'Elissa Knight', ' (voice), ', 'Jeff Garlin', ' (voice)']",United States,Animation
The X-Files: I Want to Believe,Chris Carter,"['David Duchovny', 'Gillian Anderson', 'Amanda Peet']",United States,Thriller
20th Century Boys 2: The Last Hope,Yukihiko Tsutsumi,"['Toshiaki Karasawa', 'Etsushi Toyokawa', 'Takako Tokiwa']",Japan,
20th Century Boys 3: Redemption,Yukihiko Tsutsumi,"['Naoto Takenaka', 'Teruyuki Kagawa', 'Takako Tokiwa']",Japan,
2012,Roland Emmerich,"['John Cusack', 'Amanda Peet', 'Danny Glover', 'Woody Harrelson']",United States,Disaster
9,Shane Acker,"['Elijah Wood', ' (voice), ', 'Jennifer Connelly', ' (voice), ', 'Christopher Plummer', ' (voice)']",United States,Animation
Alien Trespass,R. W. Goodwin,"['Eric McCormack', 'Jenni Baird', 'Robert Patrick']",United States,Comedy
Astroboy,David Bowers,"['Nicolas Cage', ' (voice), ', 'Donald Sutherland', ' (voice), ', 'Freddie Highmore', ' (voice)']",Hong Kong,Animated
Avatar,James Cameron,"['Sam Worthington', 'Zoe Saldana', 'Sigourney Weaver', 'Stephen Lang']",United States,Action adventure
Battle for Terra,Keith Calder,"['Brian Cox', ' (voice), ', 'James Garner', ' (voice), ', 'Evan Rachel Wood', ' (voice)']",United States,Animated action
The Box,Richard Kelly,"['Cameron Diaz', 'James Marsden', 'Frank Langella']",United States,Psychological horror
Cargo,"Ivan Engler, ","['Anna-Katharina Schwabroh', 'Martin Rapold']",Switzerland,Mystery thriller
District 9,Neill Blomkamp,"['Jason Cope', 'Robert Hobbs', 'Sharlto Copley']",United States,Thriller
Frequently Asked Questions About Time Travel,Gareth Carrivick,"[""Chris O'Dowd"", 'Marc Wootton', 'Anna Faris']",United Kingdom,Comedy
Gamer,Mark Neveldine,"['Gerard Butler', 'Michael C. Hall']",United States,Thriller
G.I. Joe: The Rise of Cobra,Stephen Sommers,"['Channing Tatum', 'Marlon Wayans', 'Dennis Quaid']",United States,Action
Green Lantern: First Flight,Lauren Montgomery,"['Christopher Meloni', 'Victor Garber', 'Tricia Heifer']",United States,Animated superhero film
Kenny Begins,Carl Åstrand,"['Johan Rheborg', 'Bill Skarsgård']",Sweden,Comedy
Knowing,Alex Proyas,"['Nicolas Cage', 'Rose Byrne', 'Chandler Canterbury']",United States,Disaster thriller
Land of the Lost,Brad Silberling,"['Will Ferrell', 'Anna Friel', 'Danny McBride']",United States,Comedy
Metropia,Tarik Saleh,"['Vincent Gallo', ' (voice), ', 'Juliette Lewis', ' (voice), ', 'Udo Kier', ' (voice)']",Sweden,Animation
Mock-Up on Mu,Craig Baldwin,"['Stoney Burke', 'Jeri Lynn Cohen', 'David Cox', ', Ed Holmes, ', 'Damon Packard']",United States,Comedy
Monsters vs. Aliens,Conrad Vernon,"['Reese Witherspoon', ' (voice), ', 'Hugh Laurie', ' (voice), ', 'Kiefer Sutherland', ' (voice), ', 'Stephen Colbert', ' (voice)']",United States,Animated comedy
Moon,Duncan Jones,"['Sam Rockwell', 'Kevin Spacey']",United Kingdom,Drama
Mr. Nobody,Jaco Van Dormael,"['Jared Leto', 'Diane Kruger', 'Sarah Polley']",Belgium,Fantasy drama
Pandorum,Christian Alvart,"['Dennis Quaid', 'Ben Foster', 'Cam Gigandet']",United States,Action thriller
Planet 51,Jorge Blanco,"['Dwayne Johnson', ' (voice), ', 'Justin Long', ' (voice), ', 'Jessica Biel', ' (voice)']",Spain,Animation
Push,Paul McGuigan,"['Chris Evans', 'Dakota Fanning', 'Camilla Belle', 'Djimon Hounsou']",United States,Action thriller
Race to Witch Mountain,Andy Fickman,"['Dwayne Johnson', 'Carla Gugino', 'AnnaSophia Robb']",United States,Adventure
Redline,Takeshi Koike,"['Takuya Kimura', ' (voice), ', 'Yū Aoi', ' (voice), ', 'Tadanobu Asano', ' (voice)']",Japan,Anime
Robo-geisha,Noboru Iguchi,[],Japan,Action
Screamers: The Hunting,Sheldon Wilson,"['Gina Holden', 'Jana Pallaske', 'Lance Henriksen']",United States,Horror
Space Battleship Yamato: Resurrection,,[],Japan,Anime
Splice,Vincenzo Natali,"['Adrien Brody', 'Sarah Polley', 'David Hewlett']",Canada,Horror
Star Trek,J. J. Abrams,"['Chris Pine', 'Eric Bana', 'Zachary Quinto', 'Zoe Saldana']",United States,Action adventure
Stingray Sam,Cory McAbee,"['Cory McAbee', 'Joshua Taylor']",United States,Musical western comedy
Superman/Batman: Public Enemies,Sam Liu,"['Kevin Conroy', 'Tim Daly', 'Clancy Brown']",United States,Animated superhero film
Surrogates,Jonathan Mostow,"['Bruce Willis', 'Radha Mitchell']",United States,Action
Terminator Salvation,McG,"['Christian Bale', 'Sam Worthington']",United States,Action
Tetsuo: The Bullet Man,Shinya Tsukamoto,"['Eric Bossick', 'Akiko Monō', 'Shinya Tsukamoto']",Japan,Cyberpunk action
The Time Traveler's Wife,Robert Schwentke,"['Eric Bana', 'Rachel McAdams', 'Ron Livingston']",United States,Time travel mystery drama
Transformers: Revenge of the Fallen,Michael Bay,"['Shia LaBeouf', 'Megan Fox', 'Josh Duhamel', 'Tyrese Gibson']",United States,Action thriller
Watchmen,Zack Snyder,"['Jackie Earle Haley', 'Patrick Wilson', 'Carla Gugino']",United States,Superhero
Altitude,Kaare Andrews,"['Jessica Lowndes', 'Julianna Guill', 'Ryan Donowho']",Canada,Horror
Alien vs Ninja,Seiji Chiba,"['Shuuji Kashiwabara', 'Ben Hiura']",Japan,Action
Arctic Blast,Brian Trenchard-Smith,"['Michael Shanks', 'Alan Andrews', 'Alexandra Davies']",Australia,Disaster
Batman: Under the Red Hood,Brandon Vietti,"['Bruce Greenwood', 'Jensen Ackles', 'John DiMaggio']",United States,Animated superhero film
Beyond the Black Rainbow,Panos Cosmatos,"['Michael Rogers', 'Eva Allan']",Canada,Mystery
The Book of Eli,Albert Hughes,"['Denzel Washington', 'Gary Oldman', 'Mila Kunis']",United States,Post-apocalyptic
The Crazies,Breck Eisner,"['Timothy Olyphant', 'Radha Mitchell', 'Joe Anderson']",United States,Horror
Daybreakers,Peter Spierig,"['Ethan Hawke', 'Willem Dafoe', 'Sam Neill']",United States,Vampire
Denizen,J.A. Steel,"['J.A. Steel', 'Julie Corgill', 'Glen Jensen', 'Ben Bayless']",United States,Action horror
Despicable Me,Pierre Coffin,"['Steve Carell', ' (voice), ', 'Miranda Cosgrove', ' (voice), Dana Gaier (voice), Elsie Fisher (voice), ', 'Jemaine Clement', ' (voice), ', 'Jason Segel', ' (voice)']",United States,Family-oriented animated comedy
The Disappearance of Haruhi Suzumiya,Tatsuya Ishihara,"['Aya Hirano', ' (voice), ', 'Tomokazu Sugita', ' (voice), ', 'Minori Chihara', ' (voice), ', 'Yūko Gotō', ' (voice), ', 'Daisuke Ono', ' (voice)']",Japan,Anime
Downstream,Simone Bartesaghi,"['Jonathon Trent', 'Jono Roberts']",United States,Post-apocalyptic action
Enthiran,S. Shankar,"['Rajinikanth', 'Aishwarya Rai', ' Bachchan']",India,Robot Uprising
Future X-Cops,Wong Jing,"['Andy Lau', 'Xu Jiao', 'Barbie Hsu']",China,Time travel
Growth,Gabriel Cowan,['Mircea Monroe'],United States,Horror
Hot Tub Time Machine,Sean Anders,"['Rob Corddry', 'John Cusack']",United States,Comedy
Hunter Prey,Sandy Collora,"['Clark Bartram', 'Damion Poitier', 'Isaac C. Singleton Jr.']",United States,Thriller
Inception,Christopher Nolan,"['Leonardo DiCaprio', 'Ken Watanabe', 'Joseph Gordon-Levitt']",United Kingdom,Action thriller
Iron Man 2,Jon Favreau,"['Robert Downey Jr.', 'Gwyneth Paltrow', 'Don Cheadle']",United States,Superhero
Justice League: Crisis on Two Earths,Lauren Montgomery,"['William Baldwin', 'Mark Harmon', 'Chris Noth']",United States,Animated superhero film
Kaboom,Gregg Araki,"['Thomas Dekker', 'Juno Temple', 'Haley Bennett']",France,Comedy mystery
Die kommenden Tage,Lars Kraume,"['Bernadette Heerwagen', 'Johanna Wokalek', 'Daniel Brühl', 'August Diehl']",Germany,Near-future drama
Mardock Scramble: The First Compression,Susumu Kudo,[],Japan,Anime film
Megamind,Tom McGarth,"['Will Ferrell', 'Brad Pitt', 'Tina Fey', 'David Cross', 'Jonah Hill']",United States,Family-oriented action comedy
Monsters,Gareth Edwards,"['Scoot McNairy', 'Whitney Able']",United Kingdom,Romantic 
Mutant Girls Squad,Noboru Iguchi,"['Yumi Sugimoto', 'Yuko Takayama', 'Suzuka Morita']",Japan,Action
Never Let Me Go,Mark Romanek,"['Keira Knightley', 'Carey Mulligan', 'Andrew Garfield']",United Kingdom,Dystopian
Predators,Nimród Antal,"['Adrien Brody', 'Topher Grace', 'Laurence Fishburne']",United States,Horror
Repo Men,Miguel Sapochnik,"['Jude Law', 'Liev Schreiber', 'Forest Whitaker']",United States,Action thriller
Resident Evil: Afterlife,Paul W. S. Anderson,"['Milla Jovovich', 'Ali Larter', 'Spencer Locke']",Germany,Action horror
Shank,Mo Ali,"['Adam Deacon', 'Bashy', 'Kaya Scodelario']",United Kingdom,Action
Skyline,Colin Strause,"['Donald Faison', 'Eric Balfour', 'Scottie Thompson']",United States,Alien invasion
Space Battleship Yamato,Takashi Yamazaki,"['Takuya Kimura', 'Koyuki', 'Hiroyuki Ikeuchi', 'Naoto Takenaka']",Japan,Action adventure
Superman/Batman: Apocalypse,Lauren Montgomery,"['Kevin Conroy', 'Tim Daly', 'Summer Glau']",United States,Animated superhero film
Tron: Legacy,Joseph Kosinski,"['Jeff Bridges', 'Garrett Hedlund', 'Olivia Wilde']",United States,Action adventure
Universal Soldier: Regeneration,John Hyams,"['Jean-Claude Van Damme', 'Dolph Lundgren']",United States,Action
Womb,Benedek Fliegauf,"['Eva Green', 'Matt Smith']",Germany,Romantic drama
51,Jason Connery,"['Bruce Boxleitner', 'John Shea']",United States,Horror
7aum Arivu,A. R. Murugadoss,"['Surya Sivakumar', 'Shruti Haasan']",India,Thriller
The Adjustment Bureau,George Nolfi,"['Matt Damon', 'Emily Blunt']",United States,Romantic thriller
All-Star Superman,Sam Liu,"['James Denton', 'Christina Hendricks', 'Anthony LaPaglia']",United States,[8]
All Superheroes Must Die,Jason Trost,"['Jason Trost, ', 'Lucas Till', 'James Remar']",United States,Superhero film
Another Earth,Mike Cahill,"['William Mapother', 'Brit Marling']",United States,Drama
Apollo 18,Gonzalo López-Gallego,"['Lloyd Owen', 'Warren Christie']",United States,Horror
Area Q,Gerson Sanginitto,"['Isaiah Washington', 'Murilo Rosa', 'Tania Khalill']",Brazil,Thriller
Atlas Shrugged: Part I,Paul Johansson,"['Taylor Schilling', 'Grant Bowler']",United States,Mystery drama
Attack the Block,Joe Cornish,"['John Boyega', 'Nick Frost', 'Jodie Whittaker', 'Luke Treadaway']",United Kingdom,Action horror
Battle: Los Angeles,Jonathan Liebesman,"['Aaron Eckhart', 'Michelle Rodriguez', 'Michael Peña', 'Bridget Moynahan']",United States,Alien invasion
Captain America: The First Avenger,Joe Johnston,"['Chris Evans', 'Hugo Weaving', 'Samuel L. Jackson']",United States,Superhero
Cowboys & Aliens,Jon Favreau,"['Daniel Craig', 'Olivia Wilde', 'Harrison Ford', 'Sam Rockwell']",United States,Western
The Darkest Hour,Chris Gorak,"['Olivia Thirlby', 'Emile Hirsch']",United States,Action horror
Eva,Kike Maíllo,"['Daniel Brühl', 'Marta Etura', 'Alberto Ammann']",Spain,Drama
Extraterrestre,Nacho Vigalondo,"['Michelle Jenner', 'Carlos Areces', 'Julián Villagrán', 'Raúl Cimas']",Spain,Drama
Gantz,Shinsuke Sato,"['Kazunari Ninomiya', ""Ken'ichi Matsuyama""]",Japan,Action horror
Gantz: Perfect Answer,Shinsuke Sato,"['Kazunari Ninomiya', ""Ken'ichi Matsuyama""]",Japan,Action horror
Generation P,Victor Ginzburg,"['Vladimir Epifancev', 'Mixail Efremov', 'Andrei Fomin']",Russia,Comedy drama
Green Lantern,Martin Campbell,"['Ryan Reynolds', 'Blake Lively', 'Peter Sarsgaard', 'Mark Strong']",United States,Superhero
Green Lantern: Emerald Knights,Christopher Berkeley,"['Nathan Fillion', 'Elisabeth Moss', 'Jason Isaacs']",United States,Animated superhero film
Hell,Tim Fehlbaum,"['Hannah Herzsprung', 'Lars Eidinger', 'Stipe Erceg']",Germany,Post-apocalyptic
O Homem do Futuro,Cláudio Torres,"['Wagner Moura', 'Alinne Moraes']",Brazil,Time travel
I Am Number Four,D. J. Caruso,"['Timothy Olyphant', 'Alex Pettyfer', 'Teresa Palmer', 'Dianna Agron']",United States,Action thriller
In Time,Andrew Niccol,"['Justin Timberlake', 'Olivia Wilde', 'Amanda Seyfried']",United States,Thriller
Limitless,Neil Burger,"['Bradley Cooper', 'Abbie Cornish', 'Robert De Niro']",United States,Mystery thriller
Love,William Eubank,['Gunner Wright'],United States,Drama
Mardock Scramble: The Second Combustion,Susumu Kudo,[],Japan,Anime film
Mars Needs Moms,Simon Wells,"['Seth Green', ' (voice), ', 'Joan Cusack', ' (voice), ', 'Elisabeth Harnois', ' (voice)']",United States,Animated action comedy
Melancholia,Lars von Trier,"['Kirsten Dunst', 'Kiefer Sutherland']",Denmark,Drama
Paul,Greg Mottola,"['Simon Pegg', 'Nick Frost', 'Seth Rogen', 'Kristen Wiig']",United Kingdom,Comedy
Phase 7,Nicolás Goldbart,"['Daniel Hendler', 'Jazmín Stuart', 'Federico Luppi']",Argentina,Comedy thriller
Priest,Scott Stewart,"['Paul Bettany', 'Karl Urban', 'Lily Collins']",United States,Action horror
The Prodigies,Antoine Charreyron,"['Jeffrey Evan Thomas', ' (voice), ', 'Lauren Ashley Carter', ' (voice), ', 'Moon Dailly', ' (voice)']",France,Animated
Ra.One,Anubhav Sinha,"['Shah Rukh Khan', 'Arjun Rampal', 'Kareena Kapoor']",India,Action superhero
Real Steel,Shawn Levy,"['Hugh Jackman', 'Evangeline Lilly']",United States,Action
Rise of the Planet of the Apes,Rupert Wyatt,"['James Franco', 'Freida Pinto', 'John Lithgow', 'Andy Serkis']",United States,Action drama
Source Code,Duncan Jones,"['Jake Gyllenhaal', 'Vera Farmiga', 'Michelle Monaghan', 'Jeffrey Wright']",France,Thriller
Super 8,J. J. Abrams,"['Joel Courtney', 'Elle Fanning', 'Kyle Chandler']",Canada,Mystery thriller
The Thing,Matthijs van Heijningen Jr.,"['Mary Elizabeth Winstead', 'Joel Edgerton']",United States,Horror
Thor,Kenneth Branagh,"['Chris Hemsworth', 'Tom Hiddleston', 'Natalie Portman', 'Anthony Hopkins']",United States,Superhero
Transformers: Dark of the Moon,Michael Bay,"['Shia LaBeouf', 'Rosie Huntington-Whiteley', 'Josh Duhamel', 'Tyrese Gibson']",United States,Action
X-Men: First Class,Matthew Vaughn,"['James McAvoy', 'Michael Fassbender', 'Jennifer Lawrence']",United States,Superhero
009 Re:Cyborg,Kenji Kamiyama,[],Japan,Anime film
Alien Origin,Mark Atkins,"['Chelsea Vincent', 'Peter Pedrero', 'Philip Coc', 'Trey McCurley', 'Daniela Flynn']",United States,Horror
The Amazing Spider-Man,Marc Webb,"['Andrew Garfield', 'Emma Stone', 'Rhys Ifans']",United States,Superhero
The Avengers,Joss Whedon,"['Robert Downey Jr.', 'Chris Evans', 'Scarlett Johansson']",United States,[nb 4]
Batman: The Dark Knight Returns,Jay Oliva,"['Peter Weller', 'Ariel Winter', 'David Selby']",United States,Animated superhero film
Battleship,Peter Berg,"['Taylor Kitsch', 'Alexander Skarsgård', 'Liam Neeson']",United States,Action thriller
Branded,Jamie Bradshaw,"['Ed Stoppard', 'Leelee Sobieski', 'Jeffrey Tambor', 'Max von Sydow']",Russia,
Chronicle,Josh Trank,"['Michael B. Jordan', 'Dane DeHaan', 'Michael Kelly', 'Alex Russell']",United States,Action drama
Cloud Atlas,Tom Tykwer,"['Tom Hanks', 'Halle Berry', 'Hugh Grant', 'Susan Sarandon']",Germany,[nb 5]
Dredd,Pete Travis,"['Karl Urban', 'Olivia Thirlby', 'Lena Headey']",United Kingdom,
The Divide,Xavier Gens,"['Lauren German', 'Michael Biehn', 'Milo Ventimiglia', 'Rosanna Arquette']",Canada,Drama thriller
Grabbers,Jon Wright,"['Richard Coyle', 'Ruth Bradley', 'Russell Tovey']",Republic of Ireland,
The Hunger Games,Gary Ross,"['Jennifer Lawrence', 'Josh Hutcherson', 'Liam Hemsworth']",United States,[nb 6]
Iron Sky,Timo Vuorensola,"['Julia Dietze', 'Götz Otto', ', Christopher Kirby, ', 'Udo Kier']",Australia,Comedy
John Carter,Andrew Stanton,"['Taylor Kitsch', 'Lynn Collins', 'Willem Dafoe']",United States,Action adventure
Justice League: Doom,Lauren Montgomery,"['Kevin Conroy', 'Tim Daly', 'Nathan Fillion']",United States,Animated superhero film
Lockout,James Mather,"['Guy Pearce', 'Maggie Grace', 'Peter Stormare']",France,Action
Looper,Rian Johnson,"['Bruce Willis', 'Joseph Gordon-Levitt', 'Emily Blunt']",United States,
Mardock Scramble: The Third Exhaust,Susumu Kudo,[],Japan,Anime film
Mars et Avril,Martin Villeneuve,"['Jacques Languirand', 'Caroline Dhavernas', 'Paul Ahmarani', 'Robert Lepage']",Canada,"Drama, Fantasy"
Men in Black 3,Barry Sonnenfeld,"['Will Smith', 'Tommy Lee Jones', 'Josh Brolin']",United States,Comedy
Prometheus,Ridley Scott,"['Noomi Rapace', 'Charlize Theron', 'Michael Fassbender']",United States,"Action, Horror"
Resident Evil: Retribution,Paul W. S. Anderson,"['Milla Jovovich', 'Sienna Guillory', 'Michelle Rodriguez']",France,
Robot & Frank,Jake Schreier,"['Frank Langella', 'James Marsden', 'Peter Sarsgaard', 'Susan Sarandon']",United States,Drama
Safety Not Guaranteed,Colin Trevorrow,"['Aubrey Plaza', 'Mark Duplass', 'Jake Johnson']",United States,Comedy drama
Seeking a Friend for the End of the World,Lorene Scafaria,"['Steve Carell', 'Keira Knightley']",United States,Comedy drama
Strange Frame,GB Hajim,"['Claudia Black', ' (voice), ', 'Tim Curry', ' (voice)']",United States,"Cut-out animation, Musical"
Starship Troopers: Invasion,Shinji Aramaki,[],Japan,Computer animation
Storage 24,Johannes Roberts,"['Noel Clarke', 'Antonia Campbell-Hughes', 'Laura Haddock', ""Colin O'Donoghue""]",United Kingdom,[18]
Superman vs. The Elite,Michael Chang,"['George Newbern', 'Pauley Perrette', 'Robin Atkin Downes']",United States,Animated superhero film
Total Recall,Len Wiseman,"['Colin Farrell', 'Kate Beckinsale', 'Jessica Biel', 'Bryan Cranston']",United States,Cyberpunk action
Thermae Romae,Hideki Takeuchi,"['Hiroshi Abe', 'Aya Ueto']",Japan,Time travel comedy
Upside Down,Juan Diego Solanas,"['Jim Sturgess', 'Kirsten Dunst']",Canada,
The Watch,Akiva Schaffer,"['Ben Stiller', 'Vince Vaughn', 'Jonah Hill']",United States,Comedy
After Earth,M. Night Shyamalan,"['Will Smith', 'Jaden Smith']",United States,Action adventure
The A.R.K. Report,Shmuel Hoffman,"['Katy Castaldi', 'Pascal Yen-Pfister', 'Ayden Crispe']",Israel,Action
Batman: The Dark Knight Returns,Jay Oliva,"['Peter Weller', 'Ariel Winter', 'David Selby']",United States,Animated superhero film
The Colony,Jeff Renfroe,"['Laurence Fishburne', 'Bill Paxton', 'Kevin Zegers']",Canada,Post-apocalyptic
The Congress,Ari Folman,"['Robin Wright', ' (voice), ', 'Harvey Keitel', ' (voice), ', 'Jon Hamm', ' (voice), ', 'Paul Giamatti', ' (voice)']",Israel,Live action/animation
The Cosmonaut,Nicolás Alcalá,"['Katrine De Candole', 'Leon Ockenden', 'David Barrass']",Spain,
Dark Skies,Scott Stewart,"['Keri Russell', 'Josh Hamilton']",United States,Horror
Despicable Me 2,Pierre Coffin,"['Steve Carell', ' (voice), ', 'Kristen Wiig', ' (voice), ', 'Benjamin Bratt', ' (voice), ', 'Miranda Cosgrove', ' (voice), Dana Gaier (voice), Elsie Kate Fisher (voice), ', 'Steve Coogan', ' (voice)']",United States,Animated comedy film
Dick Figures: The Movie,Ed Skudder,"['Ed Skudder, Zack Keller, ', 'Eric Bauza', ', Mike Nassar']",United States,Adult-animated film
Elysium,Neill Blomkamp,"['Matt Damon', 'Jodie Foster', 'Wagner Moura', 'Alice Braga', 'Sharlto Copley']",United States,"Action, Drama"
Escape from Planet Earth,Cal Brunker,"['Brendan Fraser', ' (voice), ', 'Jessica Alba', ' (voice), ', 'Rob Corddry', ' (voice), ', 'Sarah Jessica Parker', ' (voice)']",United States,Animated
Europa Report,Sebastián Cordero,"['Sharlto Copley', 'Michael Nyqvist', 'Daniel Wu']",United States,Drama
Ender's Game,Gavin Hood,"['Asa Butterfield', 'Abigail Breslin', 'Harrison Ford']",United States,Young adult space opera
Frankenstein's Army,Richard Raaphorst,"['Karel Roden', 'Joshua Sasse', 'Robert Gwilym']",Netherlands,Sci-fi horror
Frequencies,Darren Paul Fisher,"['Daniel Fraser', 'Eleanor Wyld', 'Owen Pugh']",United Kingdom,Hard sf (different laws of physics)
G.I. Joe: Retaliation,Jon M. Chu,"['Dwayne Johnson', 'Channing Tatum', 'Bruce Willis']",United States,Action
Gatchaman,Tōya Satō,"['Tori Matsuzaka', 'Gō Ayano', 'Ayame Goriki']",Japan,
Gravity,Alfonso Cuarón,"['Sandra Bullock', 'George Clooney']",United Kingdom,Disaster film
Hard to Be a God,Aleksey German,"['Leonid Yarmolnik', 'Dmitriy Vladimirov', 'Laura Lauri', 'Aleksandr Ilin']",Russia,
Her,Spike Jonze,"['Joaquin Phoenix', 'Scarlett Johansson']",United States,"Drama, Romance"
The Hunger Games: Catching Fire,Francis Lawrence,"['Jennifer Lawrence', 'Josh Hutcherson', 'Liam Hemsworth']",United States,
Independence Daysaster,W.D. Hogan,"['Ryan Merriman', 'Emily Holmes']",Canada,Action
The Host,Andrew Niccol,"['Saoirse Ronan', 'Diane Kruger', 'William Hurt']",United States,Romantic drama
Iron Man 3,Shane Black,"['Robert Downey Jr.', 'Gwyneth Paltrow', 'Don Cheadle', 'Guy Pearce', 'Ben Kingsley']",United States,Superhero
Krrish 3,Rakesh Roshan,"['Hrithik Roshan', 'Vivek Oberoi', 'Priyanka']",India,Superhero
Justice League: The Flashpoint Paradox,Jay Oliva,"['Justin Chambers', 'C. Thomas Howell', 'Michael B. Jordan']",United States,Animated superhero film
The Last Days,David Pastor,"['Quim Gutiérrez', 'José Coronado', 'Marta Etura']",Spain,Thriller
The Last Days on Mars,Ruairí Robinson,"['Liev Schreiber', 'Romola Garai', 'Elias Koteas']",Republic of Ireland,Thriller
The Machine,Caradog W. James,"['Caity Lotz', 'Toby Stephens']",United Kingdom,Thriller
Man of Steel,Zack Snyder,"['Henry Cavill', 'Amy Adams', 'Michael Shannon']",United States,Superhero
Oblivion,Joseph Kosinski,"['Tom Cruise', 'Andrea Riseborough', 'Olga Kurylenko', 'Morgan Freeman']",United States,Post-apocalyptic
Pacific Rim,Guillermo del Toro,"['Idris Elba', 'Charlie Day', 'Charlie Hunnam']",United States,Monster movie
The Purge,James DeMonaco,"['Lena Headey', 'Ethan Hawke']",United States,Dystopian thriller
Riddick,David Twohy,"['Vin Diesel', 'Katee Sackhoff', 'Karl Urban']",United States,[25]
Snowpiercer,Bong Joon-ho,"['Chris Evans', 'Song Kang-ho', 'Jamie Bell', 'Tilda Swinton', 'John Hurt', 'Ed Harris']",South Korea,Action thriller
Space Pirate Captain Harlock,Shinji Aramaki,[],Japan,Computer animated
Star Trek Into Darkness,J. J. Abrams,"['Chris Pine', 'Benedict Cumberbatch', 'Zachary Quinto', 'Zoe Saldana']",United States,Action adventure
Superman Unbound,James Tuker,"['Matt Bomer', 'Stana Katic', 'John Noble']",United States,Animated superhero film
Thor: The Dark World,Alan Taylor,"['Chris Hemsworth', 'Natalie Portman', 'Tom Hiddleston']",United States,Superhero
The Wolverine,James Mangold,"['Hugh Jackman', 'Rila Fukushima']",United Kingdom,Superhero
World War Z,Marc Forster,"['Brad Pitt', 'Mireille Enos', 'James Badge Dale']",United Kingdom,Post-apocalyptic zombie horror
The World's End,Edgar Wright,"['Simon Pegg', 'Nick Frost', 'Martin Freeman']",United Kingdom,Comedy
Young Ones,Jake Paltrow,"['Nicholas Hoult', 'Elle Fanning', 'Michael Shannon']",United States,
The Zero Theorem,Terry Gilliam,"['Christoph Waltz', 'Mélanie Thierry']",United Kingdom,"Drama, Fantasy"
The Amazing Spider-Man 2,Marc Webb,"['Andrew Garfield', 'Emma Stone', 'Jamie Foxx']",United States,Superhero
The Anomaly,Noel Clarke,"['Noel Clarke', 'Ian Somerhalder', 'Brian Cox']",United Kingdom,
Armor Hero Atlas,Zheng Guowei,"['Xu Feng, Cao Xiyue, Kenny Zeng']",China,Science fiction action
Army of Frankensteins,Ryan Bellgardt,"['Jordan Farris, Christian Bellgardt, Rett Terrell']",United States,Science fiction horror
Autómata,Gabe Ibáñez,"['Antonio Banderas', 'Melanie Griffith', 'Dylan McDermott ']",Spain,
Beyond,Joseph Baker and Tom Large,"['Richard J. Danum, Gillian MacGregor, Paul Brannigan']",United Kingdom,Independent psychological drama
Big Hero 6,Don Hall,"['Ryan Potter', ' (voice), ', 'Scott Adsit', ' (voice), ', 'Jamie Chung', ' (voice), ', 'Damon Wayans Jr.', ' (voice), ', 'Genesis Rodriguez', ' (voice), ', 'T. J. Miller', ' (voice)']",United States,Animation
Bodacious Space Pirates: Abyss of Hyperspace,Tatsuo Satō,[],Japan,
Bugs,Yan Jia,"['Xia Zitong, ', 'Zhang Zilin', 'Eric Wang']",China,Science fiction disaster thriller
Calculator,Dmitriy Grachev,"['Evgeniy Mironov', 'Vinnie Jones']",Russia,[32]
Captain America: The Winter Soldier,Russo brothers,"['Chris Evans', 'Scarlett Johansson', 'Anthony Mackie', 'Emily VanCamp']",United States,Superhero
Christmas Icetastrophe,Jonathan Winfrey,"['Victor Webster', 'Jennifer Spence']",United States,Television film
Coherence,James Ward Byrkit,"['Emily Baldoni', 'Maury Sterling', 'Nicholas Brendon']",United States,
Dawn of the Planet of the Apes,Matt Reeves,"['Jason Clarke', 'Kodi Smit-McPhee', 'Andy Serkis']",United States,
The Device,Jeremy Berg,"['Kate Alden', 'Angela DiMarco', 'Lorraine Montez']",United States,[34]
Divergent,Neil Burger,"['Shailene Woodley', 'Theo James', 'Ansel Elgort']",United States,
Earth to Echo,Dave Green,[],United States,
Edge of Tomorrow,Doug Liman,"['Tom Cruise', 'Emily Blunt', 'Bill Paxton']",Australia,Time travel action
Ejecta,Chad Archibald,"['Lisa Houle', 'Julian Richings', 'Adam Seybold']",Canada,
Expelled from Paradise,Seiji Mizushima,"['Rie Kugimiya', ' (voice), ', 'Shin-ichiro Miki', ' (voice), ', 'Hiroshi Kamiya', ' (voice)']",Japan,Anime film
The Giver,Phillip Noyce,"['Brenton Thwaites', 'Jeff Bridges', 'Meryl Streep', 'Taylor Swift']",United States,
Die Gstettensaga: The Rise of Echsenfriedl,Johannes Grenzfurthner,"['Lukas Tagwerker, Sophia Grabner, Jeff Ricketts']",Austria,Post-apocalyptic art house comedy
Godzilla,Gareth Edwards,"['Aaron Johnson', 'Elizabeth Olsen', 'Bryan Cranston']",Japan,Monster movie
Guardians of the Galaxy,James Gunn,"['Chris Pratt', 'Dave Bautista', 'Zoe Saldana']",United States,Superhero
The Hunger Games: Mockingjay – Part 1,Francis Lawrence,"['Jennifer Lawrence', 'Josh Hutcherson', 'Liam Hemsworth']",United States,Young adult dystopia
Interstellar,Christopher Nolan,"['Matthew McConaughey', 'Anne Hathaway', 'Topher Grace', 'Michael Caine']",United Kingdom,Action drama
Justice League: War,Jay Oliva,"['Alan Tudyk', 'Shemar Moore', 'Steve Blum']",United States,Animated superhero film
Lucy,Luc Besson,"['Scarlett Johansson', 'Morgan Freeman']",France,Posthuman
The Maze Runner,Wes Ball,"[""Dylan O'Brien"", 'Will Poulter', 'Thomas Sangster', 'Aml Ameen']",United States,Young adult action
Outpost 37,Jabbar Raisani,"['Kenneth Fok', 'Stevel Marc', 'Joe Reegan']",South Africa,Action thriller
Mr. Peabody & Sherman,Rob Minkoff,"['Ty Burrell', 'Max Charles']",United States,
Parasyte: Part 1,Takashi Yamazaki,[],Japan,Horror
Predestination,Peter Spierig,['Ethan Hawke'],Australia,Time travel
The Purge: Anarchy,James DeMonaco,"['Frank Grillo', 'Carmen Ejogo']",United States,Dystopian thriller
The Quiet Hour,Stéphanie Joalland,"['Karl Davies', 'Brigitte Millar', 'Dakota Blue Richards']",Republic of Ireland,[37]
RoboCop,José Padilha,"['Joel Kinnaman', 'Gary Oldman', 'Michael Keaton', 'Samuel L. Jackson']",United States,Cyberpunk action
The Signal,William Eubank,"['Brenton Thwaites', 'Olivia Cooke', 'Laurence Fishburne', 'Sarah Clarke']",United States,Mystery
Son of Batman,Ethan Spaulding,"[""Jason O'Mara"", 'Thomas Gibson', 'Stuart Allan']",United States,Animated superhero film
Space Station 76,Jack Plotnick,"['Patrick Wilson', 'Liv Tyler', 'Matt Bomer']",United States,Retro comedy
Teenage Mutant Ninja Turtles,Jonathan Liebesman,"['Megan Fox', 'Will Arnett', 'William Fichtner', 'Whoopi Goldberg']",United States,Action comedy
Time Lapse,Bradley D. King,"['Danielle Panabaker', ""Matt O'Leary"", 'George Finn']",United States,Thriller
Transcendence,Wally Pfister,"['Johnny Depp', 'Paul Bettany', 'Rebecca Hall']",United States,Posthuman
Transformers: Age of Extinction,Michael Bay,"['Mark Wahlberg', 'Jack Reynor', 'Nicola Peltz']",United States,Action
Space Battleship Yamato 2199: Odyssey of the Celestial Ark,,[],Japan,Anime film
Space Battleship Yamato 2199: A Voyage to Remember,,[],Japan,Anime film
Spring,Aaron Scott Moorhead,"['Vanessa Bednar', 'Nadia Hilker', 'Lou Taylor Pucci']",United States,
Under the Skin,Jonathan Glazer,"['Scarlett Johansson', 'Kryštof Hádek', 'Robert J. Goodwin']",United Kingdom,Art film
X-Men: Days of Future Past,Bryan Singer,"['Hugh Jackman', 'James McAvoy', 'Michael Fassbender', 'Jennifer Lawrence']",United States,Superhero
Aliens: Zone-X,Thomas R. Dickens,"['David J. Burke', 'Chris Harper']",United States,
Ant-Man,Peyton Reed,"['Paul Rudd', 'Michael Douglas', 'Evangeline Lilly']",United States,Superhero
Avengers: Age of Ultron,Joss Whedon,"['Robert Downey Jr.', 'Chris Evans', 'Scarlett Johansson']",United States,Superhero
Chappie,Neill Blomkamp,"['Sharlto Copley', 'Watkin Tudor Jones', 'Yolandi Visser']",United States,
The Divergent Series: Insurgent,Robert Schwentke,"['Shailene Woodley', 'Theo James', 'Ansel Elgort']",United States,
The End of the World and the Cat's Disappearance,Michihiro Takeuchi,"['Izukoneko, Jun Aonami, Daisuke Nishijima']",Japan,[39]
Equals,Drake Doremus,"['Nicholas Hoult', 'Vernetta Lopez', 'Scott Lawrence']",United States,Romantic drama
Ex Machina,Alex Garland,"['Domhnall Gleeson', 'Alicia Vikander', 'Oscar Isaac']",United Kingdom,Posthuman
Fantastic Four,Josh Trank,"['Miles Teller', 'Kate Mara', 'Michael B. Jordan', 'Jamie Bell']",United States,Superhero
Ghost in the Shell: The New Movie,,[],Japan,
Hardcore Henry,Ilya Naishuller,"['Sharlto Copley', 'Tim Roth', 'Haley Bennett']",Russia,Action adventure
The Hunger Games: Mockingjay – Part 2,Francis Lawrence,"['Jennifer Lawrence', 'Josh Hutcherson', 'Liam Hemsworth']",United States,
Infini,Shane Abbess,"['Daniel MacPherson', 'Grace Huang', 'Luke Hemsworth']",Australia,
Jupiter Ascending,The Wachowskis,"['Mila Kunis', 'Channing Tatum', 'Sean Bean', 'Eddie Redmayne']",United States,Space opera
Jurassic World,Colin Trevorrow,"['Chris Pratt', 'Bryce Dallas Howard', 'Ty Simpkins', 'Nick Robinson']",United States,
Kung Fury,David Sandberg,"['David Sandberg, ', 'Jorma Taccone', ', Leopold Nilsson']",Sweden,Short film
Mad Max: Fury Road,George Miller,"['Tom Hardy', 'Charlize Theron', 'Nicholas Hoult']",Australia,Post-apocalyptic action
The Martian,Ridley Scott,"['Matt Damon', 'Jessica Chastain', 'Jeff Daniels']",United States,Survival drama
Maze Runner: The Scorch Trials,Wes Ball,"[""Dylan O'Brien"", 'Thomas Brodie-Sangster', 'Giancarlo Esposito']",United States,
Monsters: Dark Continent,Tom Green,"['Joe Dempsie', 'Johnny Harris', 'Sofia Boutella']",United Kingdom,Monster movie
On Line,Li Changxin,"['Liu Mengmeng, Li Ning, Kang Enhe']",China,Action
Pixels,Chris Columbus,"['Adam Sandler', 'Kevin James', 'Michelle Monaghan', 'Peter Dinklage']",United States,Action comedy
Project Almanac,Dean Israelite,"['Jonny Weston', ""Sofia Black D'Elia"", 'Amy Landecker']",United States,
Psycho-Pass: The Movie,Naoyoshi Shiotani,[],Japan,Anime film
Self/less,Tarsem Singh,"['Ryan Reynolds', 'Ben Kingsley']",United States,Mystery thriller
Star Wars: The Force Awakens,J. J. Abrams,"['Adam Driver', 'Daisy Ridley', 'John Boyega', 'Oscar Isaac']",United States,Space opera
Terminator Genisys,Alan Taylor,"['Arnold Schwarzenegger', 'Jason Clarke', 'Emilia Clarke', 'Jai Courtney']",United States,Time travel action
Tomorrowland,Brad Bird,"['Britt Robertson', 'George Clooney']",United States,
Vice,Brian A. Miller,"['Bruce Willis', 'Thomas Jane', 'Ambyr Childers']",United States,
The 5th Wave,J Blakeson,"['Chloë Grace Moretz', 'Nick Robinson', 'Alex Roe', 'Liev Schreiber']",United States,
10 Cloverfield Lane,Dan Trachtenberg,"['Mary Elizabeth Winstead', 'John Goodman', 'John Gallagher Jr.', 'Bradley Cooper']",United States,Psychological thriller
24,Vikram Kumar,"['Suriya', 'Samantha Ruth Prabhu']",India,Time Travel
Approaching the Unknown,Mark Elijah Rosenberg,"['Mark Strong', 'Luke Wilson', 'Sanaa Lathan']",United States,
Arrival,Denis Villeneuve,"['Amy Adams', 'Jeremy Renner', 'Forest Whitaker']",United States,
Batman v Superman: Dawn of Justice,Zack Snyder,"['Henry Cavill', 'Ben Affleck', 'Amy Adams', 'Laurence Fishburne', 'Gal Gadot']",United States,Superhero
Captain America: Civil War,Russo brothers,"['Chris Evans', 'Robert Downey Jr.', 'Scarlett Johansson']",United States,Superhero
Cell,Tod Williams,"['John Cusack', 'Stacy Keach', 'Samuel L. Jackson']",United States,
Colossal,Nacho Vigalondo,"['Anne Hathaway', 'Dan Stevens', 'Jason Sudeikis', 'Austin Stowell', 'Tim Blake Nelson']",Canada,
The Divergent Series: Allegiant,Robert Schwentke,"['Shailene Woodley', 'Theo James']",United States,
Doctor Strange,Scott Derrickson,"['Benedict Cumberbatch', 'Chiwetel Ejiofor', 'Tilda Swinton']",United States,
The Girl with All the Gifts,Colm McCarthy,"['Gemma Arterton', 'Paddy Considine', 'Glenn Close']",United Kingdom,
Independence Day: Resurgence,Roland Emmerich,"['Liam Hemsworth', 'Jessie Usher', 'Jeff Goldblum']",United States,Disaster film
Kill Command,Steven Gomez,"['Thure Lindhardt', 'Vanessa Kirby']",United Kingdom,
Max Steel,Stewart Hendler,"['Ben Winchell', 'Ana Villafañe', 'Andy García']",United States,
Midnight Special,Jeff Nichols,"['Michael Shannon', 'Joel Edgerton', 'Kirsten Dunst']",United States,Supernatural drama
Morgan,Luke Scott,"['Kate Mara', 'Anya Taylor-Joy', 'Paul Giamatti']",United States,
The Purge: Election Year,James DeMonaco,"['Frank Grillo', 'Elizabeth Mitchell', 'Mykelti Williamson']",United States,Dystopian thriller
Passengers,Morten Tyldum,"['Jennifer Lawrence', 'Chris Pratt', 'Michael Sheen']",United States,Romantic drama
Ratchet & Clank,Kevin Munroe,"['James Arnold Taylor', 'David Kaye', 'Paul Giamatti', 'John Goodman']",United States,Animated action comedy
Rogue One,Gareth Edwards,"['Felicity Jones', 'Diego Luna', 'Riz Ahmed']",United States,Space opera
Rupture,Steven Shainberg,"['Noomi Rapace', 'Peter Stormare', 'Kerry Bishé']",United States,
Shin Godzilla,Hideaki Anno,"['Hiroki Hasegawa', 'Yutaka Takenouchi', 'Satomi Ishihara']",Japan,Monster movie
Spectral,Nic Mathieu,"['James Badge Dale', 'Max Martini', 'Emily Mortimer', 'Bruce Greenwood']",United States,Military science fiction
Star Trek Beyond,Justin Lin,"['Chris Pine', 'Idris Elba', 'Zachary Quinto', 'Zoe Saldana']",United States,Action adventure
Teenage Mutant Ninja Turtles: Out of the Shadows,Dave Green,"['Megan Fox', 'Stephen Amell', 'Will Arnett', 'Tyler Perry', 'Laura Linney']",United States,Action comedy
Terra Formars,Takashi Miike,[],Japan,Action horror
X-Men: Apocalypse,Bryan Singer,"['James McAvoy', 'Michael Fassbender', 'Jennifer Lawrence', 'Oscar Isaac']",United States,Superhero
24 Hours to Live,Brain Smrz,"['Ethan Hawke', 'Xu Qing', 'Paul Anderson']",South Africa,Action thriller
Alien: Covenant,Ridley Scott,"['Michael Fassbender', 'Katherine Waterston']",United Kingdom,
Attraction,Fyodor Bondarchuk,[],Russia,
Beyond Skyline,Liam O'Donnell,"['Frank Grillo', 'Bojana Novakovic', 'Iko Uwais']",United States,
Blade Runner 2049,Denis Villeneuve,"['Harrison Ford', 'Ryan Gosling', 'Robin Wright', 'Dave Bautista', 'Ana de Armas']",United States,
Blame!,Hiroyuki Seshita,[],Japan,
Bokeh,Geoffrey Orthwein,"['Maika Monroe', ""Matt O'Leary"", 'Arnar Jónsson']",United States,Drama
The Circle,James Ponsoldt,"['Tom Hanks', 'Emma Watson', 'Patton Oswalt']",United States,
Despicable Me 3,Pierre Coffin,['Steve Carell'],United States,
Downsizing,Alexander Payne,"['Matt Damon', 'Christoph Waltz']",United States,Comedy-drama
Geostorm,Dean Devlin,"['Gerard Butler', 'Abbie Cornish']",United States,Disaster film
Ghost in the Shell,Rupert Sanders,"['Scarlett Johansson', 'Pilou Asbæk']",United States,1995 anime remake
Godzilla: Planet of the Monsters,Kōbun Shizuno,[],Japan,
Guardians of the Galaxy Vol. 2,James Gunn,"['Chris Pratt', 'Dave Bautista', 'Zoe Saldana']",United States,Superhero
How to Talk to Girls at Parties,John Cameron Mitchell,"['Elle Fanning', 'Alex Sharp', 'Nicole Kidman', 'Ruth Wilson', 'Matt Lucas']",United Kingdom,Romantic comedy
Kill Switch,Tim Smit,"['Dan Stevens', 'Bérénice Marlohe', 'Tygo Gernandt', 'Charity Wakefield', 'Bas Keijzer', 'Mike Libanon', 'Mike Reus']",United States,
Justice League,Zack Snyder,"['Henry Cavill', 'Ben Affleck', 'Gal Gadot', 'Jason Momoa', 'Ezra Miller', 'Ray Fisher']",United States,
The Last Scout,Simon Phillips,"['Blaine Grey', 'Simon Phillips', 'Peter Woodward']",United Kingdom,[42]
Life,Daniel Espinosa,"['Ryan Reynolds', 'Rebecca Ferguson', 'Jake Gyllenhaal', 'Hiroyuki Sanada']",United States,Horror thriller
Logan,James Mangold,"['Hugh Jackman', 'Patrick Stewart', 'Dafne Keen']",United States,Superhero drama
The Man with the Magic Box,Bodo Kox,"['Olga Bołądź', 'Piotr Polak', 'Sebastian Stankiewicz']",Poland,"Dystopian thriller, time travel"
OtherLife,Ben C. Lucas,"['Jessica De Gouw', 'T.J. Power', ', Thomas Cocquerel, Clarence Ryan, ', 'Tiriel Mora', ', Adriane Daff']",Australia,Thriller
Power Rangers,Dean Israelite,"['Naomi Scott', 'Becky G', 'RJ Cyler', 'Dacre Montgomery', 'Ludi Lin']",United States,Superhero 
The Recall,Mauro Borrelli,"['Wesley Snipes', 'RJ Mitte']",United States,
Resident Evil: The Final Chapter,Paul W. S. Anderson,"['Milla Jovovich', 'Ali Larter', 'Shawn Roberts']",United States,Horror action
Revolt,Joe Miale,"['Lee Pace', 'Bérénice Marlohe']",United States,
The Space Between Us,Peter Chelsom,"['Asa Butterfield', 'Britt Robertson', 'Gary Oldman']",United States,Romantic drama
Star Wars: The Last Jedi,Rian Johnson,"['Adam Driver', 'Daisy Ridley', 'John Boyega', 'Oscar Isaac']",United States,Space opera
Thor: Ragnarok,Taika Waititi,"['Chris Hemsworth', 'Tom Hiddleston', 'Cate Blanchett']",United States,Superhero
Transformers: The Last Knight,Michael Bay,"['Mark Wahlberg', 'Isabela Moner', 'Josh Duhamel', 'Tyrese Gibson']",United States,Action
Valerian and the City of a Thousand Planets,Luc Besson,"['Dane DeHaan', 'Cara Delevingne', 'Clive Owen', 'Rihanna', 'Ethan Hawke']",France,
War for the Planet of the Apes,Matt Reeves,"['Andy Serkis', 'Steve Zahn', 'Woody Harrelson']",United States,
Werewolves of the Third Reich,Andrew Jones,"['Annabelle Lanyon, Lee Bane, Derek Nelson']",United Kingdom,Horror
What Happened to Monday,Tommy Wirkola,"['Noomi Rapace', 'Willem Dafoe', 'Glenn Close']",United Kingdom,
2.0,S. Shankar,"['Rajinikanth', 'Amy Jackson']",India,
Annihilation,Alex Garland,"['Natalie Portman', 'Jennifer Jason Leigh', 'Tessa Thompson']",United States,
Anon,Andrew Niccol,"['Clive Owen', 'Amanda Seyfried']",United States,
Ant-Man and the Wasp,Peyton Reed,"['Paul Rudd', 'Evangeline Lilly', 'Michael Douglas']",United States,
Avengers: Infinity War,Russo brothers,"['Robert Downey Jr.', 'Josh Brolin', 'Chris Evans', 'Scarlett Johansson']",United States,
Black Panther,Ryan Coogler,"['Chadwick Boseman', ""Lupita Nyong'o"", 'Michael B. Jordan']",United States,[44]
Bumblebee,Travis Knight,"['Hailee Steinfeld', 'John Cena']",United States,
The Cloverfield Paradox,Julius Onah,"['David Oyelowo', 'Gugu Mbatha-Raw']",United States,
Deadpool 2,David Leitch,"['Ryan Reynolds', 'Josh Brolin']",United States,
Extinction,Ben Young,"['Michael Peña', 'Lizzy Caplan']",United States,
The First Purge,Gerard McMurray,[],United States,
Godzilla: City on the Edge of Battle,Kōbun Shizuno,[],Japan,
Godzilla: The Planet Eater,Kōbun Shizuno,[],Japan,
High Life,Claire Denis,"['Robert Pattinson', 'Mia Goth', 'Juliette Binoche']",United Kingdom,
Hotel Artemis,Drew Pearce,"['Jodie Foster', 'Sterling K. Brown', 'Sofia Boutella', 'Jeff Goldblum']",United States,
The Humanity Bureau,Rob W. King,"['Nicolas Cage', 'Sarah Lind']",Canada,
Jurassic World: Fallen Kingdom,Juan Antonio Bayona,"['Chris Pratt', 'Bryce Dallas Howard']",United States,
Kin,"Jonathan Baker, Josh Baker","['Jack Reynor', 'James Franco']",United States,
Maze Runner: The Death Cure,Wes Ball,"[""Dylan O'Brien""]",United States,
Mortal Engines,Christian Rivers,"['Robert Sheehan', 'Hera Hilmar', ', Leila George, ', 'Ronan Raftery', 'Hugo Weaving', 'Stephen Lang']",United States,
Mute,Duncan Jones,"['Alexander Skarsgård', 'Paul Rudd', 'Justin Theroux']",United Kingdom,
Overlord,Julius Avery,"['Jovan Adepo', 'Wyatt Russell', ', Mathilde Ollivier']",United States,Science fiction horror
Pacific Rim Uprising,Steven S. DeKnight,"['John Boyega', 'Cailee Spaeny', 'Scott Eastwood']",United States,
The Predator,Shane Black,"['Boyd Holbrook', 'Olivia Munn', 'Trevante Rhodes']",United States,
Prospect,"Zeek Earl, Christopher Caldwell","['Sophie Thatcher, ', 'Pedro Pascal']",United States,
Ready Player One,Steven Spielberg,"['Tye Sheridan', 'Olivia Cooke']",United States,
Solo: A Star Wars Story,Ron Howard,"['Alden Ehrenreich', 'Donald Glover', 'Emilia Clarke', 'Woody Harrelson']",United States,
The Titan,Lennart Ruff,"['Sam Worthington', 'Taylor Schilling']",United Kingdom,
Upgrade,Leigh Whannell,['Logan Marshall-Green'],Australia,
Venom,Ruben Fleischer,"['Tom Hardy', 'Michelle Williams', 'Riz Ahmed']",United States,
Alita: Battle Angel,Robert Rodriguez,"['Rosa Salazar', 'Mahershala Ali', 'Christoph Waltz']",United States,
Aniara,Pella Kågerman,"['Emelie Jonsson', 'Bianca Cruzeiro', 'Arvin Kananian']",Sweden,
Avengers: Endgame,Russo brothers,"['Robert Downey Jr.', 'Josh Brolin', 'Chris Evans', 'Scarlett Johansson']",United States,
Brightburn,David Yarovesky,"['Elizabeth Banks', 'David Denman']",United States,
Captain Marvel,Anna Boden and Ryan Fleck,"['Brie Larson', 'Samuel L. Jackson', 'Jude Law']",United States,
Captive State,Rupert Wyatt,"['John Goodman', 'Vera Farmiga', 'Ashton Sanders', 'Jonathan Majors']",United States,
Crazy Alien,Ning Hao,"['Huang Bo', 'Shen Teng', 'Matthew Morrison']",China,
Dark Phoenix,Simon Kinberg,"['James McAvoy', 'Michael Fassbender', 'Jennifer Lawrence']",United States,
Godzilla: King of the Monsters,Michael Dougherty,"['Millie Bobby Brown', 'Kyle Chandler', 'Vera Farmiga']",United States,
I Am Mother,Grant Sputore,"['Clara Rugaard', 'Rose Byrne', 'Hilary Swank']",Australia,
Io,Jonathan Helpert,"['Margaret Qualley', 'Anthony Mackie']",United States,
Iron Sky: The Coming Race,Timo Vuorensola,"['Julia Dietze', 'Udo Kier', 'Tom Green']",Finland,
Men in Black: International,F. Gary Gray,"['Chris Hemsworth', 'Tessa Thompson']",United States,
Project Ghazi,Nadir Shah,"['Humayun Saeed', 'Sheheryar Munawar', 'Syra Shehroz', 'Adnan Jaffar', 'Talat Hussain', ', Amir Qureshi, Nusrat Hidayutullah, Raza Hyder']",Pakistan,
Replicas,Jeffrey Nachmanoff,"['Keanu Reeves', 'Alice Eve']",United States,
Short Circuit,Faisal Hashmi,"['Dhvanit Thaker', ', Kinjal Rajpriya']",India,Comedy drama
The Wandering Earth,Frant Gwo,"['Wu Jing', 'Qu Chuxiao', 'Li Guangjie']",China,
Ad Astra,James Gray,"['Brad Pitt', 'Tommy Lee Jones']",United States,"September 20, 2019"
Gemini Man,Ang Lee,"['Will Smith', 'Mary Elizabeth Winstead']",United States,"October 4, 2019"
Star Wars: The Rise of Skywalker,J. J. Abrams,"['Adam Driver', 'Daisy Ridley', 'John Boyega', 'Oscar Isaac']",United States,"December 20, 2019"
Terminator: Dark Fate,Tim Miller,"['Arnold Schwarzenegger', 'Linda Hamilton']",United States,"November 1, 2019"
The Three-Body Problem,Panpan Zhang,['Zhang Jingchu'],China,[46]
Warriors of Future,Ng Yuen-fai,"['Louis Koo', 'Sean Lau']",Hong Kong,
